<DADOS>
	<DEFINICOES>
		<NOME>Casino Figueira </NOME>
		<MAX_JOG>50</MAX_JOG>
		<PROB_USER>5</PROB_USER>
		<HORA_INICIO>12</HORA_INICIO>
		<HORA_FIM>24</HORA_FIM>
	</DEFINICOES>
	<LISTA_MAQ>
		<MAQUINA>
			<NOME>Flippers</NOME>
			<PROB_G>10</PROB_G>
			<PREMIO>50</PREMIO>
			<X>10</X>
			<Y>20</Y>
			<TEMP_AVISO>70</TEMP_AVISO>			
		</MAQUINA>
		<MAQUINA>
			<NOME>ClassicSlots</NOME>
			<PROB_G>1</PROB_G>
			<PREMIO>60</PREMIO>
			<X>50</X>
			<Y>20</Y>	
			<TEMP_AVISO>50</TEMP_AVISO>			
		</MAQUINA>
		<MAQUINA>
			<NOME>Slots_tematicos</NOME>
			<PROB_G>3</PROB_G>
			<PREMIO>70</PREMIO>
			<X>50</X>
			<Y>30</Y>
			<TEMP_AVISO>80</TEMP_AVISO>			
		</MAQUINA>	
		<MAQUINA>
			<NOME>Slots_de_recursos</NOME>
			<PROB_G>13</PROB_G>
			<PREMIO>20</PREMIO>
			<X>10</X>
			<Y>30</Y>
			<TEMP_AVISO>80</TEMP_AVISO>			
		</MAQUINA>
		<MAQUINA>
			<NOME>Blackjack</NOME>
			<PROB_G>8</PROB_G>
			<PREMIO>40</PREMIO>
			<X>20</X>
			<Y>30</Y>
			<TEMP_AVISO>80</TEMP_AVISO>			
		</MAQUINA>
		<MAQUINA>
			<NOME>Roleta</NOME>
			<PROB_G>11</PROB_G>
			<PREMIO>60</PREMIO>
			<X>10</X>
			<Y>10</Y>
			<TEMP_AVISO>80</TEMP_AVISO>			
		</MAQUINA>
		<MAQUINA>
			<NOME>Variantes_Poker</NOME>
			<PROB_G>15</PROB_G>
			<PREMIO>30</PREMIO>
			<X>60</X>
			<Y>30</Y>
			<TEMP_AVISO>80</TEMP_AVISO>			
		</MAQUINA>
	</LISTA_MAQ>
</DADOS>